"meta_starttime";"meta_endtime";"meta_today";"meta_deviceid";"Introduction
Mobile phones are an integral part of student life, yet excessive use has been linked to poor sleep quality, which can affect health and academic performance. This study investigates the relationship between daily mobile phone usage and sleep quality among students, aiming to determine whether higher self reported phone use is associated with lower sleep quality scores.

Do you agree to participate in this survey?";"Age (years)";"Gender";"Current level of study";"On average, how many hours per day do you use your smartphone?";"What type of application do you use most frequently on your smartphone?";"On average, how many hours do you sleep per night?";"On average, how long does it take you to fall asleep at night?(minutes)";"Overall, how would you rate your sleep quality?";"Thank you";"_id";"_uuid";"_submission_time";"_validation_status";"_notes";"_status";"_submitted_by";"__version__";"_tags";"_index"
"2026-01-19T20:20:49.501+08:00";"2026-01-19T20:21:20.194+08:00";"2026-01-19";"ee.kobotoolbox.org:U3oPgTmsMn72toug";"Yes";"31";"Male";"Diploma";"4";"Social Media (Facebook, Instagram, etc.)";"8";"16–30 minutes";"Fairly good";"";"651460149";"c5a5efdb-51de-4983-8caa-1f2551a9d53e";"2026-01-19T12:21:20";"";"";"submitted_via_web";"";"vaFtssxYm8iTrkZe8pxp7f";"";"1"
"2026-01-19T15:27:14.314+03:00";"2026-01-19T15:28:16.292+03:00";"2026-01-19";"ee.kobotoolbox.org:gRgRqXtVcGAwEeK4";"Yes";"22";"Male";"Bachelor’s Degree";"4";"Messaging (WhatsApp, Telegram, etc.)";"5";"16–30 minutes";"Fairly bad";"";"651465876";"661e2761-2f5c-477c-94a5-be708ae76a36";"2026-01-19T12:28:16";"";"";"submitted_via_web";"";"vaFtssxYm8iTrkZe8pxp7f";"";"2"
"2026-01-19T15:34:44.854+03:00";"2026-01-19T15:38:20.801+03:00";"2026-01-19";"ee.kobotoolbox.org:pAnuVtu2R9Y5ceiH";"Yes";"32";"Female";"Master";"5";"Social Media (Facebook, Instagram, etc.)";"7";"More than 60 minutes";"Fairly bad";"";"651471583";"9cc6058d-dcbb-4be2-8678-ba12b1aa2f82";"2026-01-19T12:36:31";"";"";"submitted_via_web";"";"vaFtssxYm8iTrkZe8pxp7f";"";"3"
"2026-01-19T15:51:32.664+03:00";"2026-01-19T15:53:13.274+03:00";"2026-01-19";"ee.kobotoolbox.org:Ei9CrxEoepN8AAex";"Yes";"25";"Female";"Bachelor’s Degree";"16";"Social Media (Facebook, Instagram, etc.)";"8";"More than 60 minutes";"Very bad";"";"651484974";"caff3d0f-1a06-4e89-b8ea-698f3be896d5";"2026-01-19T12:53:14";"";"";"submitted_via_web";"";"vaFtssxYm8iTrkZe8pxp7f";"";"4"
"2026-01-19T20:21:20.213+08:00";"2026-01-19T20:54:26.040+08:00";"2026-01-19";"ee.kobotoolbox.org:U3oPgTmsMn72toug";"Yes";"25";"Male";"Bachelor’s Degree";"6";"Messaging (WhatsApp, Telegram, etc.)";"5";"31–60 minutes";"Very good";"";"651485826";"956ed6e3-167a-4737-a2aa-d18d7bec7df5";"2026-01-19T12:54:26";"";"";"submitted_via_web";"";"vaFtssxYm8iTrkZe8pxp7f";"";"5"
"2026-01-19T21:57:07.000+08:00";"2026-01-19T21:58:10.855+08:00";"2026-01-19";"ee.kobotoolbox.org:CSauk6lAZiMH6gGJ";"Yes";"22";"Male";"Bachelor’s Degree";"8";"Video streaming (YouTube, Netflix, etc.)";"9";"16–30 minutes";"Fairly good";"";"651538297";"39351c9e-611f-4b7a-83bc-429958f95929";"2026-01-19T13:58:12";"";"";"submitted_via_web";"";"vaFtssxYm8iTrkZe8pxp7f";"";"6"
"2026-01-19T17:39:44.920+03:00";"2026-01-19T17:42:04.088+03:00";"2026-01-19";"ee.kobotoolbox.org:5MwZOiQ5dLsVRneT";"Yes";"22";"Female";"Bachelor’s Degree";"6";"Social Media (Facebook, Instagram, etc.)";"7";"Less than 15 minutes";"Fairly good";"";"651579047";"32e9c728-746f-451c-b097-8f51ea80ce0d";"2026-01-19T14:42:05";"";"";"submitted_via_web";"";"vaFtssxYm8iTrkZe8pxp7f";"";"7"
"2026-01-19T20:42:27.407+03:00";"2026-01-19T20:43:34.709+03:00";"2026-01-19";"ee.kobotoolbox.org:r0WtsS1jpVNVJGxu";"Yes";"30";"Female";"Master";"10";"Social Media (Facebook, Instagram, etc.)";"5";"More than 60 minutes";"Fairly good";"";"651702006";"af467cda-6047-47e5-ac37-6d83b2107ef2";"2026-01-19T17:43:35";"";"";"submitted_via_web";"";"vaFtssxYm8iTrkZe8pxp7f";"";"8"
"2026-01-19T20:48:48.542+03:00";"2026-01-19T20:52:19.898+03:00";"2026-01-19";"ee.kobotoolbox.org:MmbmVGcMpQkdd4a9";"Yes";"33";"Male";"Bachelor’s Degree";"10";"Social Media (Facebook, Instagram, etc.)";"7";"More than 60 minutes";"Fairly bad";"";"651706976";"343ffd30-0eb0-4d58-8d7a-5db8a6a0fa6c";"2026-01-19T17:52:22";"";"";"submitted_via_web";"";"vaFtssxYm8iTrkZe8pxp7f";"";"9"
"2026-01-19T21:56:08.558+03:00";"2026-01-19T22:12:19.523+03:00";"2026-01-19";"ee.kobotoolbox.org:FTZqjJbvWqNYFspl";"Yes";"25";"Female";"Master";"5";"Messaging (WhatsApp, Telegram, etc.)";"7";"16–30 minutes";"Fairly good";"";"651717277";"aa5cc418-03c3-49d1-b2e4-2d1d0a267b23";"2026-01-19T18:12:43";"";"";"submitted_via_web";"";"vaFtssxYm8iTrkZe8pxp7f";"";"10"
"2026-01-19T22:14:24.465+03:00";"2026-01-19T22:18:22.311+03:00";"2026-01-19";"ee.kobotoolbox.org:j7PyXkOLXLFd1dmc";"Yes";"22";"Female";"Bachelor’s Degree";"3";"Messaging (WhatsApp, Telegram, etc.)";"7";"Less than 15 minutes";"Very good";"";"651719704";"f356564d-4bc2-4313-a226-088e1fe31ad8";"2026-01-19T18:17:50";"";"";"submitted_via_web";"";"vaFtssxYm8iTrkZe8pxp7f";"";"11"
"2026-01-19T21:18:39.439+03:00";"2026-01-19T21:20:56.081+03:00";"2026-01-19";"ee.kobotoolbox.org:1GqgCsXVcvJ74khi";"Yes";"21";"Female";"Bachelor’s Degree";"18";"Social Media (Facebook, Instagram, etc.)";"6";"16–30 minutes";"Fairly good";"";"651721641";"4796bb43-27e0-432a-8fe9-ea51f9f109f0";"2026-01-19T18:21:37";"";"";"submitted_via_web";"";"vaFtssxYm8iTrkZe8pxp7f";"";"12"
"2026-01-19T21:55:33.392+03:00";"2026-01-19T21:55:57.324+03:00";"2026-01-19";"ee.kobotoolbox.org:63C7hSpAKDlIBSAz";"No";"";"";"";"";"";"";"";"";"";"651734569";"55506201-35f8-444a-8b4c-aaab5ff1056c";"2026-01-19T18:48:02";"";"";"submitted_via_web";"";"vaFtssxYm8iTrkZe8pxp7f";"";"13"
"2026-01-19T21:55:57.366+03:00";"2026-01-19T21:59:06.958+03:00";"2026-01-19";"ee.kobotoolbox.org:63C7hSpAKDlIBSAz";"Yes";"24";"Female";"Bachelor’s Degree";"9";"Video streaming (YouTube, Netflix, etc.)";"9";"31–60 minutes";"Fairly good";"";"651736030";"3be872b2-bc73-4500-9f17-bcafd3c1446d";"2026-01-19T18:51:13";"";"";"submitted_via_web";"";"vaFtssxYm8iTrkZe8pxp7f";"";"14"
"2026-01-19T22:08:24.043+03:00";"2026-01-19T22:14:33.974+03:00";"2026-01-19";"ee.kobotoolbox.org:3sGq2553M1qr6beM";"Yes";"19";"Female";"Bachelor’s Degree";"10";"Social Media (Facebook, Instagram, etc.)";"7";"31–60 minutes";"Fairly good";"";"651747312";"eb6450d6-ea49-491d-b2e9-91146d692b27";"2026-01-19T19:14:37";"";"";"submitted_via_web";"";"vaFtssxYm8iTrkZe8pxp7f";"";"15"
"2026-01-19T23:12:03.546+03:00";"2026-01-19T23:23:19.654+03:00";"2026-01-19";"ee.kobotoolbox.org:3oUcOYLEcgK4L9TX";"Yes";"26";"Male";"Bachelor’s Degree";"3";"Video streaming (YouTube, Netflix, etc.)";"7";"Less than 15 minutes";"Fairly good";"";"651786255";"29023338-02ac-4cf4-933a-58a0f47a82d4";"2026-01-19T20:23:21";"";"";"submitted_via_web";"";"vaFtssxYm8iTrkZe8pxp7f";"";"16"
"2026-01-20T11:34:22.723+08:00";"2026-01-20T11:35:34.165+08:00";"2026-01-20";"ee.kobotoolbox.org:UQ7xu0pNgBCStSWp";"Yes";"25";"Female";"Bachelor’s Degree";"2";"Messaging (WhatsApp, Telegram, etc.)";"7";"Less than 15 minutes";"Very good";"";"651902856";"3c216e90-5a1d-40b9-947b-eb5332e70484";"2026-01-20T03:35:35";"";"";"submitted_via_web";"";"vaFtssxYm8iTrkZe8pxp7f";"";"17"
"2026-01-20T08:18:50.565+03:00";"2026-01-20T08:20:06.118+03:00";"2026-01-20";"ee.kobotoolbox.org:3voK1vv9r9jStQaX";"Yes";"29";"Male";"Bachelor’s Degree";"13";"Social Media (Facebook, Instagram, etc.)";"8";"16–30 minutes";"Fairly bad";"";"651938016";"0a8cc964-f0c8-4a9b-9bc2-b9b0bf4f3f7b";"2026-01-20T05:20:08";"";"";"submitted_via_web";"";"vaFtssxYm8iTrkZe8pxp7f";"";"18"
"2026-01-20T14:30:40.467+08:00";"2026-01-20T14:31:48.042+08:00";"2026-01-20";"ee.kobotoolbox.org:U3oPgTmsMn72toug";"Yes";"35";"Female";"Master";"3";"Messaging (WhatsApp, Telegram, etc.)";"8";"Less than 15 minutes";"Very good";"";"651971115";"a1623e0b-daec-4d03-8d2d-7983a3156942";"2026-01-20T06:31:48";"";"";"submitted_via_web";"";"vaFtssxYm8iTrkZe8pxp7f";"";"19"
"2026-01-20T09:46:35.838+03:00";"2026-01-20T09:49:56.749+03:00";"2026-01-20";"ee.kobotoolbox.org:FdFYK1qKGN9cFf1X";"Yes";"20";"Male";"Bachelor’s Degree";"5";"Messaging (WhatsApp, Telegram, etc.)";"7";"16–30 minutes";"Fairly good";"";"651981132";"37dc7c73-3b0d-44b6-ac1b-b206602c25ea";"2026-01-20T06:50:06";"";"";"submitted_via_web";"";"vaFtssxYm8iTrkZe8pxp7f";"";"20"
"2026-01-20T11:39:48.856+03:00";"2026-01-20T11:40:52.151+03:00";"2026-01-20";"ee.kobotoolbox.org:VgbFCH1EvzH3L9hD";"Yes";"27";"Female";"Master";"3";"Messaging (WhatsApp, Telegram, etc.)";"8";"Less than 15 minutes";"Fairly good";"";"652053441";"448ba485-4db7-4bb6-b101-4ec665834309";"2026-01-20T08:40:54";"";"";"submitted_via_web";"";"vaFtssxYm8iTrkZe8pxp7f";"";"21"
"2026-01-20T12:56:23.977+01:00";"2026-01-20T12:57:24.349+01:00";"2026-01-20";"ee.kobotoolbox.org:SdWr4ZP8cFEqgEUa";"Yes";"26";"Male";"Master";"4";"Messaging (WhatsApp, Telegram, etc.)";"8";"31–60 minutes";"Fairly bad";"";"652211541";"1c7bdbb0-4671-4ef9-b587-3fb06ecae9f6";"2026-01-20T11:57:24";"";"";"submitted_via_web";"";"vaFtssxYm8iTrkZe8pxp7f";"";"22"
"2026-01-20T18:50:22.033+03:00";"2026-01-20T18:51:52.895+03:00";"2026-01-20";"ee.kobotoolbox.org:DDhZJmhYyD5GPmlY";"Yes";"30";"Male";"Master";"15";"Other";"6";"31–60 minutes";"Fairly good";"";"652400762";"2d69553e-6c1b-49c6-a814-6c23b88ee1fd";"2026-01-20T15:51:53";"";"";"submitted_via_web";"";"vaFtssxYm8iTrkZe8pxp7f";"";"23"
"2026-01-20T22:02:48.261+01:00";"2026-01-20T22:04:18.223+01:00";"2026-01-20";"ee.kobotoolbox.org:LNHfqZCTGSeAFpqZ";"Yes";"33";"Female";"Master";"3";"Messaging (WhatsApp, Telegram, etc.)";"8";"16–30 minutes";"Fairly good";"";"652617757";"29d0973b-ea59-4164-a543-e8550ed64c8c";"2026-01-20T21:04:18";"";"";"submitted_via_web";"";"vaFtssxYm8iTrkZe8pxp7f";"";"24"
"2026-01-21T01:08:46.742+01:00";"2026-01-21T01:09:45.168+01:00";"2026-01-21";"ee.kobotoolbox.org:gZzGHZwSa6kK5tLd";"Yes";"37";"Male";"Bachelor’s Degree";"5";"Social Media (Facebook, Instagram, etc.)";"6";"Less than 15 minutes";"Fairly good";"";"652659017";"80e2c27e-23c6-4955-9713-4101789fb2aa";"2026-01-21T00:09:45";"";"";"submitted_via_web";"";"vaFtssxYm8iTrkZe8pxp7f";"";"25"
"2026-01-21T23:44:12.639+03:00";"2026-01-21T23:46:03.163+03:00";"2026-01-21";"ee.kobotoolbox.org:DjHh1X8UBImdHoki";"Yes";"18";"Female";"Bachelor’s Degree";"2";"Gaming (mobile games)";"3";"More than 60 minutes";"Fairly bad";"";"653353097";"19c4b95a-e95e-41b9-be31-158150d97222";"2026-01-21T20:46:04";"";"";"submitted_via_web";"";"vaFtssxYm8iTrkZe8pxp7f";"";"26"
"2026-01-22T09:29:24.156+08:00";"2026-01-22T09:30:45.819+08:00";"2026-01-22";"ee.kobotoolbox.org:QjduLSeLQjnPfUhU";"Yes";"38";"Male";"Bachelor’s Degree";"3";"Social Media (Facebook, Instagram, etc.)";"6";"Less than 15 minutes";"Very good";"";"653408949";"b12a9047-b350-4862-bfea-9b80c0d7d9c4";"2026-01-22T01:30:46";"";"";"submitted_via_web";"";"vaFtssxYm8iTrkZe8pxp7f";"";"27"
"2026-01-22T09:53:07.346+08:00";"2026-01-22T09:54:56.646+08:00";"2026-01-22";"ee.kobotoolbox.org:Jl6wL99zMfnISpDf";"Yes";"25";"Male";"Diploma";"9";"Social Media (Facebook, Instagram, etc.)";"7";"Less than 15 minutes";"Fairly good";"";"653412609";"7b773f9d-6898-48c6-9888-c0281240753a";"2026-01-22T01:54:57";"";"";"submitted_via_web";"";"vaFtssxYm8iTrkZe8pxp7f";"";"28"
"2026-01-22T10:09:42.107+08:00";"2026-01-22T10:20:14.412+08:00";"2026-01-22";"ee.kobotoolbox.org:XdkcEBOMWLk1cEJH";"Yes";"39";"Male";"Diploma";"5";"Messaging (WhatsApp, Telegram, etc.)";"8";"16–30 minutes";"Very good";"";"653416822";"e80fa0ac-cda5-4432-8f0d-4f6181ceedf6";"2026-01-22T02:20:17";"";"";"submitted_via_web";"";"vaFtssxYm8iTrkZe8pxp7f";"";"29"
"2026-01-22T10:56:04.911+08:00";"2026-01-22T11:00:31.096+08:00";"2026-01-22";"ee.kobotoolbox.org:ryQj9jjqDTfeL9Ze";"Yes";"40";"Male";"Bachelor’s Degree";"14";"Social Media (Facebook, Instagram, etc.)";"5";"31–60 minutes";"Fairly good";"";"653424236";"51b39b19-f1fb-4d26-98dc-ef29ba107b88";"2026-01-22T03:00:32";"";"";"submitted_via_web";"";"vaFtssxYm8iTrkZe8pxp7f";"";"30"
"2026-01-22T11:16:51.839+08:00";"2026-01-22T11:20:14.389+08:00";"2026-01-22";"ee.kobotoolbox.org:YpXQyq82mWqWfEgp";"Yes";"30";"Male";"Diploma";"5";"Messaging (WhatsApp, Telegram, etc.)";"6";"Less than 15 minutes";"Fairly bad";"";"653428637";"d54b356d-e565-4f17-950e-6a7815621bf8";"2026-01-22T03:20:17";"";"";"submitted_via_web";"";"vaFtssxYm8iTrkZe8pxp7f";"";"31"
"2026-01-22T11:20:59.514+08:00";"2026-01-22T11:23:29.302+08:00";"2026-01-22";"ee.kobotoolbox.org:sdoVHICzdIV6N9kB";"Yes";"23";"Female";"Master";"6";"Video streaming (YouTube, Netflix, etc.)";"7";"More than 60 minutes";"Fairly good";"";"653429539";"0bb11a46-5688-4165-a0f2-a5d3a8a66081";"2026-01-22T03:23:30";"";"";"submitted_via_web";"";"vaFtssxYm8iTrkZe8pxp7f";"";"32"
"2026-01-22T11:23:51.979+08:00";"2026-01-22T11:25:03.562+08:00";"2026-01-22";"ee.kobotoolbox.org:7ldhTlB7DKlblE2S";"Yes";"44";"Male";"Diploma";"8";"Messaging (WhatsApp, Telegram, etc.)";"6";"16–30 minutes";"Fairly good";"";"653429865";"0a8ce3aa-4eb2-4cbc-b450-210e6f873539";"2026-01-22T03:25:06";"";"";"submitted_via_web";"";"vaFtssxYm8iTrkZe8pxp7f";"";"33"
"2026-01-22T11:26:30.486+08:00";"2026-01-22T11:30:49.528+08:00";"2026-01-22";"ee.kobotoolbox.org:dEearXqWOrdkPokI";"Yes";"25";"Male";"Master";"5";"Social Media (Facebook, Instagram, etc.)";"7";"16–30 minutes";"Fairly good";"";"653430865";"c8a501f3-bcdb-4ea1-a92c-78ea8fde936a";"2026-01-22T03:30:53";"";"";"submitted_via_web";"";"vaFtssxYm8iTrkZe8pxp7f";"";"34"
"2026-01-22T11:31:19.979+08:00";"2026-01-22T11:32:26.911+08:00";"2026-01-22";"ee.kobotoolbox.org:egQaF7cCNwhSnG7O";"Yes";"33";"Male";"Bachelor’s Degree";"10";"Messaging (WhatsApp, Telegram, etc.)";"6";"31–60 minutes";"Fairly good";"";"653431126";"c7ef08f5-c6d5-46f0-a223-d17b362447bd";"2026-01-22T03:32:27";"";"";"submitted_via_web";"";"vaFtssxYm8iTrkZe8pxp7f";"";"35"
"2026-01-22T11:41:07.954+08:00";"2026-01-22T11:42:16.887+08:00";"2026-01-22";"ee.kobotoolbox.org:tax0Ox7z5gohOSwo";"Yes";"44";"Female";"Bachelor’s Degree";"18";"Messaging (WhatsApp, Telegram, etc.)";"5";"16–30 minutes";"Fairly bad";"";"653433037";"396d88fa-46c4-4b89-98ca-f14a4c6769b7";"2026-01-22T03:42:17";"";"";"submitted_via_web";"";"vaFtssxYm8iTrkZe8pxp7f";"";"36"
"2026-01-22T11:44:15.048+08:00";"2026-01-22T11:45:24.981+08:00";"2026-01-22";"ee.kobotoolbox.org:sOFJy2YZo6MDX91f";"Yes";"49";"Male";"Master";"10";"Other";"5";"31–60 minutes";"Fairly bad";"";"653433827";"d2561376-0b6a-494d-a9d9-6f4a41ff174b";"2026-01-22T03:45:25";"";"";"submitted_via_web";"";"vaFtssxYm8iTrkZe8pxp7f";"";"37"
"2026-01-22T11:50:52.302+08:00";"2026-01-22T11:52:02.236+08:00";"2026-01-22";"ee.kobotoolbox.org:KCoStVvV1f0vJBkh";"Yes";"41";"Male";"Bachelor’s Degree";"10";"Social Media (Facebook, Instagram, etc.)";"7";"Less than 15 minutes";"Very good";"";"653436211";"f9b70c05-802f-4097-a68c-926773ea0247";"2026-01-22T03:52:03";"";"";"submitted_via_web";"";"vaFtssxYm8iTrkZe8pxp7f";"";"38"
"2026-01-22T11:51:44.006+08:00";"2026-01-22T11:54:22.782+08:00";"2026-01-22";"ee.kobotoolbox.org:rR4vhYGfd3MUwl9y";"Yes";"50";"Male";"Master";"5";"Messaging (WhatsApp, Telegram, etc.)";"8";"Less than 15 minutes";"Very good";"";"653436797";"17426342-1601-451d-b904-5c778594ab4d";"2026-01-22T03:54:24";"";"";"submitted_via_web";"";"vaFtssxYm8iTrkZe8pxp7f";"";"39"
"2026-01-22T11:52:11.663+08:00";"2026-01-22T11:54:44.828+08:00";"2026-01-22";"ee.kobotoolbox.org:k0VFWnyccbZqXAUC";"Yes";"45";"Male";"Master";"7";"Social Media (Facebook, Instagram, etc.)";"6";"16–30 minutes";"Fairly good";"";"653436881";"3cd3cde9-fad7-4cbe-97a1-268fc05f829a";"2026-01-22T03:54:46";"";"";"submitted_via_web";"";"vaFtssxYm8iTrkZe8pxp7f";"";"40"
"2026-01-22T11:27:42.196+08:00";"2026-01-22T11:54:49.333+08:00";"2026-01-22";"ee.kobotoolbox.org:I4f50Uj9tXflDOqr";"Yes";"47";"Female";"Diploma";"6";"Messaging (WhatsApp, Telegram, etc.)";"6";"Less than 15 minutes";"Fairly good";"";"653436921";"a4b30e38-facb-4e59-b3f2-b2740765c083";"2026-01-22T03:54:51";"";"";"submitted_via_web";"";"vaFtssxYm8iTrkZe8pxp7f";"";"41"
"2026-01-22T11:55:49.433+08:00";"2026-01-22T11:56:27.404+08:00";"2026-01-22";"ee.kobotoolbox.org:YHUV0cdeoPnZxgjD";"Yes";"49";"Female";"Master";"21";"Messaging (WhatsApp, Telegram, etc.)";"6";"Less than 15 minutes";"Fairly good";"";"653437384";"d69a4538-53db-47f2-b508-1cb633eff7cc";"2026-01-22T03:56:28";"";"";"submitted_via_web";"";"vaFtssxYm8iTrkZe8pxp7f";"";"42"
"2026-01-22T11:57:12.719+08:00";"2026-01-22T12:02:40.723+08:00";"2026-01-22";"ee.kobotoolbox.org:8MURxL8441nHL3DU";"Yes";"46";"Male";"Diploma";"12";"Messaging (WhatsApp, Telegram, etc.)";"7";"16–30 minutes";"Very good";"";"653439172";"4813fe3e-b6a5-48b9-a351-d0e6e63b1268";"2026-01-22T04:02:41";"";"";"submitted_via_web";"";"vaFtssxYm8iTrkZe8pxp7f";"";"43"
"2026-01-22T13:14:46.306+08:00";"2026-01-22T13:17:35.697+08:00";"2026-01-22";"ee.kobotoolbox.org:ysFjkHYksZYm64DP";"Yes";"47";"Male";"Diploma";"16";"Messaging (WhatsApp, Telegram, etc.)";"7";"16–30 minutes";"Fairly good";"";"653464662";"2061bf23-9b88-42cb-9776-175260454ea2";"2026-01-22T05:17:40";"";"";"submitted_via_web";"";"vaFtssxYm8iTrkZe8pxp7f";"";"44"
"2026-01-22T13:26:10.496+08:00";"2026-01-22T13:27:34.782+08:00";"2026-01-22";"ee.kobotoolbox.org:Z6ocLzLmI1OTgiay";"Yes";"32";"Male";"Bachelor’s Degree";"4";"Messaging (WhatsApp, Telegram, etc.)";"5";"16–30 minutes";"Fairly good";"";"653468633";"fcf5ff6a-935b-4cd7-abcb-770a29459317";"2026-01-22T05:27:35";"";"";"submitted_via_web";"";"vaFtssxYm8iTrkZe8pxp7f";"";"45"
"2026-01-22T13:48:01.676+08:00";"2026-01-22T13:49:41.627+08:00";"2026-01-22";"ee.kobotoolbox.org:xScYKhXewd4wnAC5";"Yes";"50";"Male";"Bachelor’s Degree";"4";"Social Media (Facebook, Instagram, etc.)";"6";"Less than 15 minutes";"Fairly bad";"";"653478499";"7d65ea22-4c1d-485e-b58c-eacea092b5ec";"2026-01-22T05:49:42";"";"";"submitted_via_web";"";"vaFtssxYm8iTrkZe8pxp7f";"";"46"
"2026-01-22T16:13:30.388+08:00";"2026-01-22T16:15:09.540+08:00";"2026-01-22";"ee.kobotoolbox.org:qrbNtOjFdLx0miBr";"Yes";"30";"Male";"Diploma";"12";"Messaging (WhatsApp, Telegram, etc.)";"8";"Less than 15 minutes";"Fairly good";"";"653564798";"80b51a05-76fd-4729-9d85-78ee9d16c8a1";"2026-01-22T08:15:16";"";"";"submitted_via_web";"";"vaFtssxYm8iTrkZe8pxp7f";"";"47"
"2026-01-22T21:33:12.304+08:00";"2026-01-22T21:35:31.717+08:00";"2026-01-22";"ee.kobotoolbox.org:Q691mByYHy2qrjYU";"Yes";"27";"Female";"Master";"5";"Gaming (mobile games)";"9";"16–30 minutes";"Very good";"";"653800760";"184253f7-1f35-4ff8-ad2d-a71bf85bf634";"2026-01-22T13:35:57";"";"";"submitted_via_web";"";"vaFtssxYm8iTrkZe8pxp7f";"";"48"
